nama_produk,link_produk,harga,jumlah_terjual,toko,rating
"Oxymeter Finger Tip Pulse  Oximeter alat pengukur kadar oxigen
          ",https://www.bukalapak.com/p/kesehatan-2359/alat-kesehatan/timbangan-alat-ukur-kesehatan/3z93kky-jual-oxymeter-finger-tip-pulse-oximeter-alat-pengukur-kadar-oxigen,47425,6227,HP TOKO,4.8
"fingertrip pulse oximeter..alat pengukur kadar oksigen & detak jantung
          ",https://www.bukalapak.com/p/kesehatan-2359/alat-kesehatan/timbangan-alat-ukur-kesehatan/3qpp9i1-jual-fingertrip-pulse-oximeter-alat-pengukur-kadar-oksigen-detak-jantung,130000,18,bintang7 herbal,5
"Fingertip Pulse Oximeter Alat Ukur Kadar Oksigen dan Detak Jantung
          ",https://www.bukalapak.com/p/kesehatan-2359/alat-kesehatan/timbangan-alat-ukur-kesehatan/a4fbjx-jual-fingertip-pulse-oximeter-alat-ukur-kadar-oksigen-dan-detak-jantung,80000,73,TIMUR JAYA,5
"Fingertip Pulse Oximeter SPO2 Saturation Monitor YOBEKAN YBK 303
          ",https://www.bukalapak.com/p/kesehatan-2359/alat-kesehatan/timbangan-alat-ukur-kesehatan/4g4rjts-jual-fingertip-pulse-oximeter-spo2-saturation-monitor-yobekan-ybk-303,95000,3,TIMUR JAYA,5
"Pulse Oximeter - Oxymeter Alat Ukur Oksigen Dalam Darah
          ",https://www.bukalapak.com/p/kesehatan-2359/alat-kesehatan/timbangan-alat-ukur-kesehatan/4g4k0o7-jual-pulse-oximeter-oxymeter-alat-ukur-oksigen-dalam-darah,229900,0,OPA DODOL SHOP,0
"YOBEKAN YBK303 Fingertip Pulse Oximeter Oksimeter Oximetry SpO2 Cek Kadar Oksigen
          ",https://www.bukalapak.com/p/kesehatan-2359/alat-kesehatan/timbangan-alat-ukur-kesehatan/4g51ptj-jual-yobekan-ybk303-fingertip-pulse-oximeter-oksimeter-oximetry-spo2-cek-kadar-oksigen,85000,39,hwthinker,5
"Oximeter Oxymeter Pengukur Kadar Oksigen Dalam Darah Jantung Fingertip Pulse Oximeter
          ",https://www.bukalapak.com/p/kesehatan-2359/alat-kesehatan/alat-bantu-kesehatan/3rh9ewo-jual-oximeter-oxymeter-pengukur-kadar-oksigen-dalam-darah-jantung-fingertip-pulse-oximeter,25000,1357,MScard,4.8
"KUKE Fingertip Pulse Oximeter - Alat Ukur Detak Jantung - Oximeter
          ",https://www.bukalapak.com/p/kesehatan-2359/alat-kesehatan/alat-bantu-kesehatan/3r1470p-jual-kuke-fingertip-pulse-oximeter-alat-ukur-detak-jantung-oximeter,25000,275,KUKE,4.9
"Fingertip pulse oximeter blood oxygen saturation dan heart rate detection dalam 5 detik multifunctional portable suitable for family travel
          ",https://www.bukalapak.com/p/kesehatan-2359/alat-kesehatan/timbangan-alat-ukur-kesehatan/4g1l4r7-jual-fingertip-pulse-oximeter-blood-oxygen-saturation-dan-heart-rate-detection-dalam-5-detik-multifunctional-portable-suitable-for-family-travel,18500,471,Luckyelectro,5
"Fingertip Pulse Oxymeter Oximeter SpO2 LED Full Colour LK87
          ",https://www.bukalapak.com/p/kesehatan-2359/alat-kesehatan/alat-bantu-kesehatan/3lqo4hr-jual-fingertip-pulse-oxymeter-oximeter-spo2-led-full-colour-lk87,21000,1132,Juragan Kado,4.9
"Oxymeter Finger Tip Pulse  Oximeter alat pengukur kadar oxigen
          ",https://www.bukalapak.com/p/kesehatan-2359/alat-kesehatan/timbangan-alat-ukur-kesehatan/3z93kky-jual-oxymeter-finger-tip-pulse-oximeter-alat-pengukur-kadar-oxigen,47425,6227,HP TOKO,4.8
"Fingertip pulse oxymeter oximeter SpO2 LCD Full Colour Pengukur Kadar Oxygen Dalam Darah dan Detak Jantung
          ",https://www.bukalapak.com/p/kesehatan-2359/alat-kesehatan/timbangan-alat-ukur-kesehatan/418du06-jual-fingertip-pulse-oxymeter-oximeter-spo2-lcd-full-colour-pengukur-kadar-oxygen-dalam-darah-dan-detak-jantung,55692,1319,Nofar,4.8
"OXIMETER FINGERTIP PULSE LK87 AB-88 Pengukur Kadar Oksigen Darah detak Jantung Oxymeter Alat Ukur spO2
          ",https://www.bukalapak.com/p/kesehatan-2359/alat-kesehatan/alat-bantu-kesehatan/48og90p-jual-oximeter-fingertip-pulse-lk87-ab-88-pengukur-kadar-oksigen-darah-detak-jantung-oxymeter-alat-ukur-spo2,32000,1166,HandphoneTiam,4.8
"OXIMETER FINGERTIP PULSE LK87 AB-88 Alat Ukur Kadar Oksigen Pengukur Detak Jantung Oxymeter LED
          ",https://www.bukalapak.com/p/kesehatan-2359/alat-kesehatan/timbangan-alat-ukur-kesehatan/4g5vswm-jual-oximeter-fingertip-pulse-lk87-ab-88-alat-ukur-kadar-oksigen-pengukur-detak-jantung-oxymeter-led,59000,108,Livideas,5
"Oximeter Oxymeter Pengukur Kadar Oksigen Dalam Darah Jantung Fingertip Pulse Oximeter
          ",https://www.bukalapak.com/p/kesehatan-2359/alat-kesehatan/alat-bantu-kesehatan/3rh9ewo-jual-oximeter-oxymeter-pengukur-kadar-oksigen-dalam-darah-jantung-fingertip-pulse-oximeter,25000,1357,MScard,4.8
"oximeter yobekan YBK303 fingertip pulse oximetereter
          ",https://www.bukalapak.com/p/kesehatan-2359/alat-kesehatan/alat-bantu-kesehatan/4gaoh37-jual-oximeter-yobekan-ybk303-fingertip-pulse-oximetereter,85000,0,ranggastore,0
"Oximeter General Care
          ",https://www.bukalapak.com/p/kesehatan-2359/alat-kesehatan/timbangan-alat-ukur-kesehatan/2fjosu8-jual-oximeter-general-care,285000,4,HAYU LABEL SHOP,5
"Oximeter pulse fingertip care7 icare oximetry akurat-Alat ukur detak jantung & ukur kadar oksigen
          ",https://www.bukalapak.com/p/kesehatan-2359/alat-kesehatan/timbangan-alat-ukur-kesehatan/47j0191-jual-oximeter-pulse-fingertip-care7-icare-oximetry-akurat-alat-ukur-detak-jantung-ukur-kadar-oksigen,375000,0,Cahaya  kinarikinarai,0
"Finger Pulse Oximeter General Care Asli-Alat ukur detak jantung & cek kadar oksigen
          ",https://www.bukalapak.com/p/kesehatan-2359/alat-kesehatan/timbangan-alat-ukur-kesehatan/3sqmisb-jual-finger-pulse-oximeter-general-care-asli-alat-ukur-detak-jantung-cek-kadar-oksigen,450000,0,Cahaya  kinarikinarai,0
"paket termometer digital gun & pulse oximeter Sp02..alat ukur suhu tubuh & alat ukur detak jantung
          ",https://www.bukalapak.com/p/kesehatan-2359/alat-kesehatan/timbangan-alat-ukur-kesehatan/47zyam9-jual-paket-termometer-digital-gun-pulse-oximeter-sp02-alat-ukur-suhu-tubuh-alat-ukur-detak-jantung,380000,0,bintang7 herbal,0
"Oxymeter Finger Tip Pulse  Oximeter alat pengukur kadar oxigen
          ",https://www.bukalapak.com/p/kesehatan-2359/alat-kesehatan/timbangan-alat-ukur-kesehatan/3z93kky-jual-oxymeter-finger-tip-pulse-oximeter-alat-pengukur-kadar-oxigen,47425,6227,HP TOKO,4.8
"Oximeter fingertip Pulse ujung jari ukur detak jantung akurat original
          ",https://www.bukalapak.com/p/kesehatan-2359/alat-kesehatan/timbangan-alat-ukur-kesehatan/44s6arm-jual-oximeter-fingertip-pulse-ujung-jari-ukur-detak-jantung-akurat-original,95000,361,PUTRA JAYA88,5
"Oximeter Oxymeter pulse Kesehatan Kadar Oksigen dan detak jantung oksimeter murah
          ",https://www.bukalapak.com/p/kesehatan-2359/alat-kesehatan/timbangan-alat-ukur-kesehatan/1oi7c17-jual-oximeter-oxymeter-pulse-kesehatan-kadar-oksigen-dan-detak-jantung-oksimeter-murah,65000,350,Chi Chi store,4.9
"LED 4 Warna Oximeter Oxymeter Pulse Oksigen Darah Jantung Saturasi Tes
          ",https://www.bukalapak.com/p/kesehatan-2359/alat-kesehatan/timbangan-alat-ukur-kesehatan/4g41by4-jual-led-4-warna-oximeter-oxymeter-pulse-oksigen-darah-jantung-saturasi-tes,36000,170,RK SHOP,4.9
"Oximeter Yuwell YX102 Digital OLED Pengukur Detak Jantung Kadar Oksigen SpO2 PR bpm
          ",https://www.bukalapak.com/p/kesehatan-2359/alat-kesehatan/timbangan-alat-ukur-kesehatan/4g647mj-jual-oximeter-yuwell-yx102-digital-oled-pengukur-detak-jantung-kadar-oksigen-spo2-pr-bpm,310000,4,Lakuge,5
"Fingertip Pulse Oxymeter Fingertip Oximeter SpO2 LED Full Colour LK87
          ",https://www.bukalapak.com/p/kesehatan-2359/alat-kesehatan/alat-bantu-kesehatan/3st5yfr-jual-fingertip-pulse-oxymeter-fingertip-oximeter-spo2-led-full-colour-lk87,69900,379,borneo shopping center,4.8
"pulse oximeter alat cek nadi detak jantung atau kadar oksigen darah
          ",https://www.bukalapak.com/p/kesehatan-2359/alat-kesehatan/alat-bantu-kesehatan/cyub8o-jual-pulse-oximeter-alat-cek-nadi-detak-jantung-atau-kadar-oksigen-darah,99000,285, Barang Ok,4.9
"Fingertip Pulse Oximeter Sp02 LED Monitor Alat Pengukur Kadar Oksigen Heart Rate Oxymeter
          ",https://www.bukalapak.com/p/kesehatan-2359/alat-kesehatan/timbangan-alat-ukur-kesehatan/3qbw6zo-jual-fingertip-pulse-oximeter-sp02-led-monitor-alat-pengukur-kadar-oksigen-heart-rate-oxymeter,19999,609,Keep Moving ,4.8
"Oximeter SP02 Heart Rate Fingertip Pulse LK87 AB-88 Alat Ukur Kadar Oksigen Darah dan Detak Jantung - HOMIA
          ",https://www.bukalapak.com/p/kesehatan-2359/alat-kesehatan/timbangan-alat-ukur-kesehatan/48owmd8-jual-oximeter-sp02-heart-rate-fingertip-pulse-lk87-ab-88-alat-ukur-kadar-oksigen-darah-dan-detak-jantung-homia,32000,254,HOMIA,4.9
"Fingertip Pulse Oxymeter Oximeter SpO2 LED Full Colour LK87
          ",https://www.bukalapak.com/p/kesehatan-2359/alat-kesehatan/alat-bantu-kesehatan/3lqo4hr-jual-fingertip-pulse-oxymeter-oximeter-spo2-led-full-colour-lk87,21000,1132,Juragan Kado,4.9
"Fingertrip pulse oximeter oxymeter akurat-Alat ukur detak jantung & kadar oksigen
          ",https://www.bukalapak.com/p/kesehatan-2359/alat-kesehatan/timbangan-alat-ukur-kesehatan/3q1i9ev-jual-fingertrip-pulse-oximeter-oxymeter-akurat-alat-ukur-detak-jantung-kadar-oksigen,130000,1,Cahaya  kinarikinarai,5
"pulse oximeter fingertrip Sp02 saturation monitor-alat ukur detak jantung & kadar oksigen
          ",https://www.bukalapak.com/p/kesehatan-2359/alat-kesehatan/timbangan-alat-ukur-kesehatan/3qeh2e1-jual-pulse-oximeter-fingertrip-sp02-saturation-monitor-alat-ukur-detak-jantung-kadar-oksigen,125000,2,bintang7 herbal,5
"Fingertip pulse oximeter oximetry Sp02 akurat-Alat ukur detak jantung dan cek kadar oksigen
          ",https://www.bukalapak.com/p/kesehatan-2359/alat-kesehatan/timbangan-alat-ukur-kesehatan/3spubyp-jual-fingertip-pulse-oximeter-oximetry-sp02-akurat-alat-ukur-detak-jantung-dan-cek-kadar-oksigen,150000,1,Cahaya  kinarikinarai,5
"Ujung jari pulse oximeter saturasi oksigen darah dan deteksi detak jantung dalam 5 detikmultifungsi cocok untuk perjalanan keluarga
          ",https://www.bukalapak.com/p/kesehatan-2359/alat-kesehatan/timbangan-alat-ukur-kesehatan/4g2e2ca-jual-ujung-jari-pulse-oximeter-saturasi-oksigen-darah-dan-deteksi-detak-jantung-dalam-5-detikmultifungsi-cocok-untuk-perjalanan-keluarga,54960,2,SUN666,5
"Ujung jari pulse oximeter saturasi oksigen darah dan deteksi detak jantung dalam 5 detik multifungsi portabel
          ",https://www.bukalapak.com/p/kesehatan-2359/alat-kesehatan/timbangan-alat-ukur-kesehatan/4g2dhbp-jual-ujung-jari-pulse-oximeter-saturasi-oksigen-darah-dan-deteksi-detak-jantung-dalam-5-detik-multifungsi-portabel,55339,6,SUN666,5
"Fingertip Pulse Oximeter / Oximetro / Oxymeter / Oxi / Oxy Saturometer Oximetry SpO2 LV-80
          ",https://www.bukalapak.com/p/kesehatan-2359/alat-kesehatan/timbangan-alat-ukur-kesehatan/3f9vo7-jual-fingertip-pulse-oximeter-oximetro-oxymeter-oxi-oxy-saturometer-oximetry-spo2-lv-80,87360,526,wiki mall,4.8
"Oximeter SP02 Heart Rate Fingertip Pulse LK87 AB-88 Alat Ukur Kadar Oksigen Darah dan Detak Jantung - HOMIA
          ",https://www.bukalapak.com/p/kesehatan-2359/alat-kesehatan/timbangan-alat-ukur-kesehatan/48owmd8-jual-oximeter-sp02-heart-rate-fingertip-pulse-lk87-ab-88-alat-ukur-kadar-oksigen-darah-dan-detak-jantung-homia,32000,254,HOMIA,4.9
"YUWELL Oxymeter Fingertip Pulse Oximeter akurat bukan omron beurer
          ",https://www.bukalapak.com/p/kesehatan-2359/alat-kesehatan/alat-bantu-kesehatan/4gc2pod-jual-yuwell-oxymeter-fingertip-pulse-oximeter-akurat-bukan-omron-beurer,328000,14,Jonathanjojo,5
"OXIMETER FINGERTIP PULSE LK87 AB-88 Pengukur Kadar Oksigen Darah detak Jantung Oxymeter Alat Ukur spO2
          ",https://www.bukalapak.com/p/kesehatan-2359/alat-kesehatan/alat-bantu-kesehatan/48og90p-jual-oximeter-fingertip-pulse-lk87-ab-88-pengukur-kadar-oksigen-darah-detak-jantung-oxymeter-alat-ukur-spo2,32000,1166,HandphoneTiam,4.8
"Fingertip Pulse Oximeter Oxymeter Spo2 - oxymeter pulse alat oksigen - Alat cek oksigen dalam tubuh  - alat pengukur saturasi oksigen - Oxymeter Murah
          ",https://www.bukalapak.com/p/kesehatan-2359/alat-kesehatan/alat-bantu-kesehatan/4g3onjy-jual-fingertip-pulse-oximeter-oxymeter-spo2-oxymeter-pulse-alat-oksigen-alat-cek-oksigen-dalam-tubuh-alat-pengukur-saturasi-oksigen-oxymeter-murah,49000,26,bajugrosirecer,4.7
"Fingertip pulse oximeter blood oxygen saturation dan heart rate detection dalam 5 detik multifunctional portable suitable for family travel
          ",https://www.bukalapak.com/p/kesehatan-2359/alat-kesehatan/timbangan-alat-ukur-kesehatan/4g1l4r7-jual-fingertip-pulse-oximeter-blood-oxygen-saturation-dan-heart-rate-detection-dalam-5-detik-multifunctional-portable-suitable-for-family-travel,18500,471,Luckyelectro,5
"Oximeter LK88 Fingertip Pulse Oxymeter Lk-88 Alat Ukur Kadar Oksigen Detak Jantung Oksimeter spO2
          ",https://www.bukalapak.com/p/kesehatan-2359/alat-kesehatan/timbangan-alat-ukur-kesehatan/49b2lyk-jual-oximeter-lk88-fingertip-pulse-oxymeter-lk-88-alat-ukur-kadar-oksigen-detak-jantung-oksimeter-spo2,62000,158,GangEnam Cell,4.8
"Fingertip Pulse Oximeter SpO2 Alat Ukur Kadar Oksigen Darah
          ",https://www.bukalapak.com/p/kesehatan-2359/alat-kesehatan/alat-bantu-kesehatan/3zzikwg-jual-fingertip-pulse-oximeter-spo2-alat-ukur-kadar-oksigen-darah,46189,816,Nofar,4.8
"Fingertip Pulse Oximeter LV-80 / Oximetro Saturometer Oximetry SpO2
          ",https://www.bukalapak.com/p/kesehatan-2359/alat-kesehatan/alat-bantu-kesehatan/3f9szb-jual-fingertip-pulse-oximeter-lv-80-oximetro-saturometer-oximetry-spo2,91000,1155,LIVOTECH,4.8
"Oximeter Sp02 LED Monitor Oxymeter Alat Pengukur Kadar Oksigen Heart Rate Oxymeter Fingertip Pulse
          ",https://www.bukalapak.com/p/kesehatan-2359/alat-kesehatan/timbangan-alat-ukur-kesehatan/488oy58-jual-oximeter-sp02-led-monitor-oxymeter-alat-pengukur-kadar-oksigen-heart-rate-oxymeter-fingertip-pulse,19555,168,Galaxy_Star,4.9
"Fingertip Pulse Oximeter Oximetry Sp02 Saturation Monitor
          ",https://www.bukalapak.com/p/kesehatan-2359/alat-kesehatan/timbangan-alat-ukur-kesehatan/4g46my1-jual-fingertip-pulse-oximeter-oximetry-sp02-saturation-monitor,39000,29,OMIA Official Store,5
"Fingertip pulse oxymeter oximeter SpO2 LCD Full Colour Pengukur Kadar Oxygen Dalam Darah dan Detak Jantung
          ",https://www.bukalapak.com/p/kesehatan-2359/alat-kesehatan/timbangan-alat-ukur-kesehatan/4g2qm0g-jual-fingertip-pulse-oxymeter-oximeter-spo2-lcd-full-colour-pengukur-kadar-oxygen-dalam-darah-dan-detak-jantung,88072,4,SUN666,5
"fingertrip pulse oximeter oxymeter-alat pengukur kadar oksigen dan detak jantung
          ",https://www.bukalapak.com/p/kesehatan-2359/alat-kesehatan/timbangan-alat-ukur-kesehatan/3qpr8vc-jual-fingertrip-pulse-oximeter-oxymeter-alat-pengukur-kadar-oksigen-dan-detak-jantung,130000,17,Manjurmandiri shop,4.9
"Pulse oximeter fingertip...Alat cek kadar oksigen dan detak jantung
          ",https://www.bukalapak.com/p/kesehatan-2359/alat-kesehatan/timbangan-alat-ukur-kesehatan/3ppslqk-jual-pulse-oximeter-fingertip-alat-cek-kadar-oksigen-dan-detak-jantung,100000,4,Cahaya  kinarikinarai,5
"pulse oximeter fingertip Sp02..alat pengukur kadar oksigen & detak jantung
          ",https://www.bukalapak.com/p/kesehatan-2359/alat-kesehatan/timbangan-alat-ukur-kesehatan/4ajrwvn-jual-pulse-oximeter-fingertip-sp02-alat-pengukur-kadar-oksigen-detak-jantung,150000,1,bintang7 herbal,5
"Fingertip Pulse oximeter oxymetry Sp02 alat ukur kadar oksigen & detak jantung
          ",https://www.bukalapak.com/p/kesehatan-2359/alat-kesehatan/timbangan-alat-ukur-kesehatan/3r1bmz8-jual-fingertip-pulse-oximeter-oxymetry-sp02-alat-ukur-kadar-oksigen-detak-jantung,135000,12,Manjurmandiri shop,5
"Oximeter Fingertip Pulse  Oximeter alat Pengukur oksigen darah akurat
          ",https://www.bukalapak.com/p/kesehatan-2359/alat-kesehatan/alat-bantu-kesehatan/3q2tduy-jual-oximeter-fingertip-pulse-oximeter-alat-pengukur-oksigen-darah-akurat,130000,15,GUNUNG JAYA88,5
"Oximeter Pulse Fingertip LED
          ",https://www.bukalapak.com/p/kesehatan-2359/alat-kesehatan/timbangan-alat-ukur-kesehatan/4g17oog-jual-oximeter-pulse-fingertip-led,105000,0,MEDIKA JAYA 88,0
"Oximeter pulse fingertip alat pengukur oksigen darah dan detak jantung
          ",https://www.bukalapak.com/p/kesehatan-2359/alat-kesehatan/alat-bantu-kesehatan/3qsygtv-jual-oximeter-pulse-fingertip-alat-pengukur-oksigen-darah-dan-detak-jantung,130000,5,GUNUNG JAYA88,4.6
"Oximeter Fingertip Pulse SO811
          ",https://www.bukalapak.com/p/kesehatan-2359/alat-kesehatan/timbangan-alat-ukur-kesehatan/4g3hmys-jual-oximeter-fingertip-pulse-so811,100000,3,MEDIKA JAYA 88,5
"Oximeter Pulse Finger Kadar Oksigen dan detak Jantung Portable iHealth
          ",https://www.bukalapak.com/p/kesehatan-2359/alat-kesehatan/alat-bantu-kesehatan/271treu-jual-oximeter-pulse-finger-kadar-oksigen-dan-detak-jantung-portable-ihealth,65500,148,Chi Chi store,4.9
"Pulse Oxymeter PO 30 Beurer Germany
          ",https://www.bukalapak.com/p/kesehatan-2359/alat-kesehatan/timbangan-alat-ukur-kesehatan/13ovjht-jual-pulse-oxymeter-po-30-beurer-germany,770000,67,General Medical Shop,5
"Fingertip Pulse Oximeter LK87 Ukur Kadar Oksigen Detak Jantung
          ",https://www.bukalapak.com/p/kesehatan-2359/alat-kesehatan/timbangan-alat-ukur-kesehatan/4g4djdm-jual-fingertip-pulse-oximeter-lk87-ukur-kadar-oksigen-detak-jantung,14100,48,SIAUN SURABAYA,4.9
"Oximeter  Oxymeter Pengukur Kadar Oxigen dalam darah Fingertip Puls
          ",https://www.bukalapak.com/p/kesehatan-2359/alat-kesehatan/timbangan-alat-ukur-kesehatan/4g1yv5g-jual-oximeter-oxymeter-pengukur-kadar-oxigen-dalam-darah-fingertip-puls,22500,32,Gadget Definition,4.9
"paket laris manis 2in1 sesuai foto.. Termometer Oximeter.. Thermometer oksimeter oxymetri
          ",https://www.bukalapak.com/p/kesehatan-2359/alat-kesehatan/timbangan-alat-ukur-kesehatan/4a3fv2g-jual-paket-laris-manis-2in1-sesuai-foto-termometer-oximeter-thermometer-oksimeter-oxymetri,264000,54,MH_18,5
"LK87 Oximeter Fingertip Pulse Pengukur Kadar Oksigen Detak Jantung LED
          ",https://www.bukalapak.com/p/kesehatan-2359/alat-kesehatan/timbangan-alat-ukur-kesehatan/3pdrslq-jual-lk87-oximeter-fingertip-pulse-pengukur-kadar-oksigen-detak-jantung-led,21000,150,Palugada,4.8
"FINGER PULSE OXIMETER Alat Saturasi pengukur denyut nadi jantung jari alat ukur kadar oxigen oksigen
          ",https://www.bukalapak.com/p/kesehatan-2359/alat-kesehatan/timbangan-alat-ukur-kesehatan/3lbmi1r-jual-finger-pulse-oximeter-alat-saturasi-pengukur-denyut-nadi-jantung-jari-alat-ukur-kadar-oxigen-oksigen,18498,125,kastil drakula,4.8
"Oximeter Oxymeter pulse Kesehatan Kadar Oksigen dan detak jantung oksimeter murah
          ",https://www.bukalapak.com/p/kesehatan-2359/alat-kesehatan/timbangan-alat-ukur-kesehatan/1oi7c17-jual-oximeter-oxymeter-pulse-kesehatan-kadar-oksigen-dan-detak-jantung-oksimeter-murah,65000,350,Chi Chi store,4.9
"Fingertip Pulse Oximeter Oxymeter Alat Ukur Cek Saturasi SpO2 Pengukur Detak Jantung Kadar Oksigen Dalam Darah Blood Oxygen Super Akurat
          ",https://www.bukalapak.com/p/kesehatan-2359/alat-kesehatan/timbangan-alat-ukur-kesehatan/4fwmtvd-jual-fingertip-pulse-oximeter-oxymeter-alat-ukur-cek-saturasi-spo2-pengukur-detak-jantung-kadar-oksigen-dalam-darah-blood-oxygen-super-akurat,90000,141,Importir Kudus,4.8
"Fingertip Pulse Oximeter LK87 Oxymeter Monitor LED LK 87 Alat Cek Saturasi Oksigen Detak Jantung Darah
          ",https://www.bukalapak.com/p/kesehatan-2359/alat-kesehatan/alat-bantu-kesehatan/4g1mjej-jual-fingertip-pulse-oximeter-lk87-oxymeter-monitor-led-lk-87-alat-cek-saturasi-oksigen-detak-jantung-darah,39900,167,JIUSENLI,4.9
"Oximeter Naxen Oxymeter Oksimeter Fingertip Pulse Oksigen Meter SpO2
          ",https://www.bukalapak.com/p/kesehatan-2359/alat-kesehatan/timbangan-alat-ukur-kesehatan/4gjpk8d-jual-oximeter-naxen-oxymeter-oksimeter-fingertip-pulse-oksigen-meter-spo2,89000,0,Toko Kado,0
"Oxymeter Pulse Oximeter Fingertip Sp02 akurat..Alat cek kadar oksigen & ukur detak jantung
          ",https://www.bukalapak.com/p/kesehatan-2359/alat-kesehatan/timbangan-alat-ukur-kesehatan/3rdcoys-jual-oxymeter-pulse-oximeter-fingertip-sp02-akurat-alat-cek-kadar-oksigen-ukur-detak-jantung,125000,1,Cahaya  kinarikinarai,5
"Paket 2in1 Oximeter Termometer
          ",https://www.bukalapak.com/p/kesehatan-2359/alat-kesehatan/timbangan-alat-ukur-kesehatan/4g21j3v-jual-paket-2in1-oximeter-termometer,200000,0,MEDIKA JAYA 88,0
"paket Pulse oximeter Sp02 & termometer digital gun..alat ukur detak jantung & alat ukur suhu tubuh
          ",https://www.bukalapak.com/p/kesehatan-2359/alat-kesehatan/timbangan-alat-ukur-kesehatan/4e81t3v-jual-paket-pulse-oximeter-sp02-termometer-digital-gun-alat-ukur-detak-jantung-alat-ukur-suhu-tubuh,390000,0,Manjurmandiri shop,0
"fingertip pulse oximeter oximetry Sp02 saturation monitor original..alat ukur kadar oksigen & detak jantung
          ",https://www.bukalapak.com/p/kesehatan-2359/alat-kesehatan/timbangan-alat-ukur-kesehatan/3ptkvc8-jual-fingertip-pulse-oximeter-oximetry-sp02-saturation-monitor-original-alat-ukur-kadar-oksigen-detak-jantung,100000,0,Manjurmandiri shop,0
"FINGER PULSE OXIMETER Alat Saturasi pengukur denyut nadi jantung jari alat ukur kadar oxigen oksigen
          ",https://www.bukalapak.com/p/kesehatan-2359/alat-kesehatan/timbangan-alat-ukur-kesehatan/3lbmi1r-jual-finger-pulse-oximeter-alat-saturasi-pengukur-denyut-nadi-jantung-jari-alat-ukur-kadar-oxigen-oksigen,18498,125,kastil drakula,4.8
"Oximeter Jumper JPD-500E Finger Pulse Alat Ukur Saturasi Oksigen
          ",https://www.bukalapak.com/p/kesehatan-2359/alat-kesehatan/alat-bantu-kesehatan/3vitcn0-jual-oximeter-jumper-jpd-500e-finger-pulse-alat-ukur-saturasi-oksigen,285000,5,Maestro Listrik,5
"F2 Fingertip Pulse Oximeter Premium - Alat Ukur Kadar oxygen SpO2
          ",https://www.bukalapak.com/p/kesehatan-2359/alat-kesehatan/timbangan-alat-ukur-kesehatan/3aj1lia-jual-f2-fingertip-pulse-oximeter-premium-alat-ukur-kadar-oxygen-spo2,120000,102,Bobo Baby Shop,5
"Fingertip Pulse Oxymeter SP02 LED Full colour LK87
          ",https://www.bukalapak.com/p/kesehatan-2359/alat-kesehatan/timbangan-alat-ukur-kesehatan/4g1mwkv-jual-fingertip-pulse-oxymeter-sp02-led-full-colour-lk87,35000,125,Syafara Store ID,4.8
"Fingertip pulse oxymeter Fingertip oximeter SpO2 LCD Full Colour LK88
          ",https://www.bukalapak.com/p/kesehatan-2359/alat-kesehatan/alat-bantu-kesehatan/4g56amm-jual-fingertip-pulse-oxymeter-fingertip-oximeter-spo2-lcd-full-colour-lk88,50000,8,ANUGERAH ABADI NUSANTARA,5
"PULSE OXIMETER FINGERTIP Alat Ukur Kadar Oxigen Saturasi Oxymeter
          ",https://www.bukalapak.com/p/kesehatan-2359/alat-kesehatan/timbangan-alat-ukur-kesehatan/43mfhn9-jual-pulse-oximeter-fingertip-alat-ukur-kadar-oxigen-saturasi-oxymeter,80000,64,Semarang Laptop Sparepart,4.9
"Fingertip Pulse Oximeter / Oximetro / Oxymeter / Oxi / Oxy Saturometer Oximetry SpO2 LV-80
          ",https://www.bukalapak.com/p/kesehatan-2359/alat-kesehatan/timbangan-alat-ukur-kesehatan/3f9vo7-jual-fingertip-pulse-oximeter-oximetro-oxymeter-oxi-oxy-saturometer-oximetry-spo2-lv-80,87360,526,wiki mall,4.8
"Fingertrip Pulse Oximeter LK88 SpO2 TFT Full Colour - Alat ukur kadar oksigen
          ",https://www.bukalapak.com/p/kesehatan-2359/alat-kesehatan/peralatan-p3k/4g4l2bd-jual-fingertrip-pulse-oximeter-lk88-spo2-tft-full-colour-alat-ukur-kadar-oksigen,72000,3,JY STORE20,4
"Pulse Oximeter Fingertip Pulse Oksigen Meter SpO2 Pulse Oxymeter
          ",https://www.bukalapak.com/p/kesehatan-2359/alat-kesehatan/alat-bantu-kesehatan/3trtfc6-jual-pulse-oximeter-fingertip-pulse-oksigen-meter-spo2-pulse-oxymeter,41000,109,Duta Online Store,4.9
"Pulse Oximeter Oksimeter Alat Ukur Kadar Oksigen Detak Jantung Akurat
          ",https://www.bukalapak.com/p/kesehatan-2359/alat-kesehatan/timbangan-alat-ukur-kesehatan/48dbu3c-jual-pulse-oximeter-oksimeter-alat-ukur-kadar-oksigen-detak-jantung-akurat,95000,54,TIMUR JAYA,5
"Fingertip pulse oximeter blood oxygen saturation dan heart rate detection dalam 5 detik multifunctional portable suitable for family travel
          ",https://www.bukalapak.com/p/kesehatan-2359/alat-kesehatan/timbangan-alat-ukur-kesehatan/4g1l4r7-jual-fingertip-pulse-oximeter-blood-oxygen-saturation-dan-heart-rate-detection-dalam-5-detik-multifunctional-portable-suitable-for-family-travel,18500,471,Luckyelectro,5
"Finger Pulse Oximeter F04T
          ",https://www.bukalapak.com/p/kesehatan-2359/alat-kesehatan/alat-bantu-kesehatan/3vsqexv-jual-finger-pulse-oximeter-f04t,220000,6,JM Store,5
"paket pulse oximeter Sp02 alat ukur detak jantung & thermometer digital alat pengukur suhu tubuh
          ",https://www.bukalapak.com/p/kesehatan-2359/alat-kesehatan/timbangan-alat-ukur-kesehatan/4a4fk30-jual-paket-pulse-oximeter-sp02-alat-ukur-detak-jantung-thermometer-digital-alat-pengukur-suhu-tubuh,420000,0,bintang7 herbal,0
"finger pulse oximeter general care Sp02 original..alat pengukur detak jantung & kadar oksigen
          ",https://www.bukalapak.com/p/kesehatan-2359/alat-kesehatan/timbangan-alat-ukur-kesehatan/3suel6e-jual-finger-pulse-oximeter-general-care-sp02-original-alat-pengukur-detak-jantung-kadar-oksigen,450000,0,Manjurmandiri shop,0
"Fingertip Pulse Oxymeter Alat Ukur Saturasi Oksigen Dalam Darah & Detak Jantung Oximeter Oksimeter
          ",https://www.bukalapak.com/p/kesehatan-2359/alat-kesehatan/alat-bantu-kesehatan/4getaa7-jual-fingertip-pulse-oxymeter-alat-ukur-saturasi-oksigen-dalam-darah-detak-jantung-oximeter-oksimeter,69000,1,HematACC,5
"Fingertip Pulse Oximeter Portable - Oxymeter SpO2 Digital Alat Pengukur Kadar Darah Oksimeter Denyut Nadi Ujung Jari
          ",https://www.bukalapak.com/p/kesehatan-2359/alat-kesehatan/alat-bantu-kesehatan/47knukh-jual-fingertip-pulse-oximeter-portable-oxymeter-spo2-digital-alat-pengukur-kadar-darah-oksimeter-denyut-nadi-ujung-jari,114900,76,Alharits Tronic,4.9
"Fingertip pulse oxymeter oximeter SpO2 LCD Full Colour Pengukur Kadar Oxygen Dalam Darah dan Detak Jantung
          ",https://www.bukalapak.com/p/kesehatan-2359/alat-kesehatan/timbangan-alat-ukur-kesehatan/418du06-jual-fingertip-pulse-oxymeter-oximeter-spo2-lcd-full-colour-pengukur-kadar-oxygen-dalam-darah-dan-detak-jantung,55692,1319,Nofar,4.8
"Oximeter Yuwell YX102 Finger Pulse Oxymeter Alat Cek Tes Kadar Saturasi Oksigen YX 102
          ",https://www.bukalapak.com/p/kesehatan-2359/alat-kesehatan/alat-bantu-kesehatan/4cp94j7-jual-oximeter-yuwell-yx102-finger-pulse-oxymeter-alat-cek-tes-kadar-saturasi-oksigen-yx-102,289900,9,Maestro Listrik,5
"paket 3in1 oximeter pulse termometer thermometer Tensimeter digital
          ",https://www.bukalapak.com/p/kesehatan-2359/alat-kesehatan/timbangan-alat-ukur-kesehatan/4a0d8q0-jual-paket-3in1-oximeter-pulse-termometer-thermometer-tensimeter-digital,450000,5,SH STORE889,5
"Fingertip Pulse Oximeter  Alat Ukur Detak Jantung Oximeter LK87
          ",https://www.bukalapak.com/p/kesehatan-2359/alat-kesehatan/timbangan-alat-ukur-kesehatan/4g3uai1-jual-fingertip-pulse-oximeter-alat-ukur-detak-jantung-oximeter-lk87,24000,16,Metro Store,4.9
"F2 Fingertip Pulse Oximeter Premium - Alat Ukur Kadar oxygen SpO2
          ",https://www.bukalapak.com/p/kesehatan-2359/alat-kesehatan/timbangan-alat-ukur-kesehatan/3aj1lia-jual-f2-fingertip-pulse-oximeter-premium-alat-ukur-kadar-oxygen-spo2,120000,102,Bobo Baby Shop,5
"Fingertip OXIMETER PULSE
          ",https://www.bukalapak.com/p/kesehatan-2359/alat-kesehatan/timbangan-alat-ukur-kesehatan/3qzesx3-jual-fingertip-oximeter-pulse,55500,78,JLE39 Store,4.9
"LED 4 Warna Oximeter Oxymeter Pulse Oksigen Darah Jantung Saturasi Tes
          ",https://www.bukalapak.com/p/kesehatan-2359/alat-kesehatan/timbangan-alat-ukur-kesehatan/4g41by4-jual-led-4-warna-oximeter-oxymeter-pulse-oksigen-darah-jantung-saturasi-tes,36000,170,RK SHOP,4.9
"Fingertrip Pulse Oximeter Alat Ukur Saturasi SpO2 Pengukur Detak Jantung Kadar Oksigen Dalam Darah Blood Oxygen Super Akurat Good Quality Product
          ",https://www.bukalapak.com/p/kesehatan-2359/alat-kesehatan/timbangan-alat-ukur-kesehatan/3sgxmpe-jual-fingertrip-pulse-oximeter-alat-ukur-saturasi-spo2-pengukur-detak-jantung-kadar-oksigen-dalam-darah-blood-oxygen-super-akurat-good-quality-product,85000,409,Importir Kudus,4.8
"OXIMETER FINGERTIP PULSE LK87 AB-88 Alat Ukur Kadar Oksigen Pengukur Detak Jantung Oxymeter SPO2 LED
          ",https://www.bukalapak.com/p/kesehatan-2359/alat-kesehatan/timbangan-alat-ukur-kesehatan/48ofpnc-jual-oximeter-fingertip-pulse-lk87-ab-88-alat-ukur-kadar-oksigen-pengukur-detak-jantung-oxymeter-spo2-led,32000,56,GangEnam Cell,4.9
"fingertrip pulse oxymeter fingertrip oximeter oled full colour
          ",https://www.bukalapak.com/p/kesehatan-2359/alat-kesehatan/timbangan-alat-ukur-kesehatan/4gkkd8p-jual-fingertrip-pulse-oxymeter-fingertrip-oximeter-oled-full-colour,150000,0,LA LM FOREVER,0
"Pulse Oxymeter Oximeter Fingertip Alat Ukur Kadar Oksigen Dalam Darah
          ",https://www.bukalapak.com/p/kesehatan-2359/alat-kesehatan/timbangan-alat-ukur-kesehatan/4g1yeej-jual-pulse-oxymeter-oximeter-fingertip-alat-ukur-kadar-oksigen-dalam-darah,80000,0,Toko Cat Sumber Jaya,0
"Oxymeter Fingertip Pulse Oximeter Ukur Saturasi Oksigen Darah Detak Jantung
          ",https://www.bukalapak.com/p/kesehatan-2359/alat-kesehatan/timbangan-alat-ukur-kesehatan/4g4gw2g-jual-oxymeter-fingertip-pulse-oximeter-ukur-saturasi-oksigen-darah-detak-jantung,125000,1,Allia Official Store,5
"Fingertip Pulse Oxymeter - Alat ukur oksigen - detak jantung
          ",https://www.bukalapak.com/p/kesehatan-2359/alat-kesehatan/timbangan-alat-ukur-kesehatan/4dlq0dj-jual-fingertip-pulse-oxymeter-alat-ukur-oksigen-detak-jantung,200000,0,Udah Buka,0
"Fingertip pulse oximeter oxymeter spo2 alat ukur kadar oksigen darah
          ",https://www.bukalapak.com/p/kesehatan-2359/alat-kesehatan/alat-bantu-kesehatan/477v43p-jual-fingertip-pulse-oximeter-oxymeter-spo2-alat-ukur-kadar-oksigen-darah,94000,4,ARZI Online Store,5
"Fingertip pulse oximeter asli-alat detak jantung & ukur kadar oksigen
          ",https://www.bukalapak.com/p/kesehatan-2359/alat-kesehatan/alat-bantu-kesehatan/4gkk5tj-jual-fingertip-pulse-oximeter-asli-alat-detak-jantung-ukur-kadar-oksigen,100000,0,healthy natural99,0
"Paket Oximeter Fingertip Sp02 &Termometer digital -ukur kesehatan
          ",https://www.bukalapak.com/p/kesehatan-2359/alat-kesehatan/timbangan-alat-ukur-kesehatan/4ggmq0v-jual-paket-oximeter-fingertip-sp02-termometer-digital-ukur-kesehatan,255000,0,healthy natural99,0
"finger pulse oximeter alat pengukur detak jantung dan kadar oksigen
          ",https://www.bukalapak.com/p/kesehatan-2359/alat-kesehatan/alat-bantu-kesehatan/4gkk4kj-jual-finger-pulse-oximeter-alat-pengukur-detak-jantung-dan-kadar-oksigen,125000,0,healthy natural99,0
"paket pulse oximeter & termometer-alat ukur detak jantung & alat ukur suhu tubuh
          ",https://www.bukalapak.com/p/kesehatan-2359/alat-kesehatan/timbangan-alat-ukur-kesehatan/4fxjz3v-jual-paket-pulse-oximeter-termometer-alat-ukur-detak-jantung-alat-ukur-suhu-tubuh,285000,0,Manjurmandiri shop,0
"Oximeter Fingertip Pulse Alat mengukur kadar Oksigen dan detak jantung
          ",https://www.bukalapak.com/p/kesehatan-2359/alat-kesehatan/timbangan-alat-ukur-kesehatan/3p8xxmt-jual-oximeter-fingertip-pulse-alat-mengukur-kadar-oksigen-dan-detak-jantung,150000,1,Super Jaya jkt,5
"Oxymeter Fingertip Pulse Digital Oximeter LK88 spO2 LCD Full Color Alat Ukur kadar Saturasi Oksigen
          ",https://www.bukalapak.com/p/kesehatan-2359/alat-kesehatan/timbangan-alat-ukur-kesehatan/3si9x8c-jual-oxymeter-fingertip-pulse-digital-oximeter-lk88-spo2-lcd-full-color-alat-ukur-kadar-saturasi-oksigen,62000,328,HOMIA,4.8
"OXIMETER FINGERTIP PULSE LK87 AB-88 Alat Ukur Kadar Oksigen Pengukur Detak Jantung Oxymeter SPO2 LED
          ",https://www.bukalapak.com/p/kesehatan-2359/alat-kesehatan/timbangan-alat-ukur-kesehatan/48ofpnc-jual-oximeter-fingertip-pulse-lk87-ab-88-alat-ukur-kadar-oksigen-pengukur-detak-jantung-oxymeter-spo2-led,32000,56,GangEnam Cell,4.9
"Fingertip pulse oxymeter Fingertip oximeter SpO2 TFT Full Colour LK88
          ",https://www.bukalapak.com/p/kesehatan-2359/alat-kesehatan/timbangan-alat-ukur-kesehatan/4g433oj-jual-fingertip-pulse-oxymeter-fingertip-oximeter-spo2-tft-full-colour-lk88,55000,8,Rini acesories,4.9
"Fingertip Pulse Oximeter LK87 Oxymeter Monitor LED LK 87 Alat Cek Saturasi Oksigen Detak Jantung Darah
          ",https://www.bukalapak.com/p/kesehatan-2359/alat-kesehatan/alat-bantu-kesehatan/4g1mjej-jual-fingertip-pulse-oximeter-lk87-oxymeter-monitor-led-lk-87-alat-cek-saturasi-oksigen-detak-jantung-darah,39900,167,JIUSENLI,4.9
"oximeter finger pulse android ios bluetooth . periksa jaga jarak via smartphone . oxi meter . oxymeter. tes darah saturasi oksigen B
          ",https://www.bukalapak.com/p/kesehatan-2359/alat-kesehatan/timbangan-alat-ukur-kesehatan/4g4pgda-jual-oximeter-finger-pulse-android-ios-bluetooth-periksa-jaga-jarak-via-smartphone-oxi-meter-oxymeter-tes-darah-saturasi-oksigen-b,150000,42,Cyber Motor Sports,5
"Fingertrip Pulse Oximeter Alat Pengukur Detak Jantung Kadar Oksigen
          ",https://www.bukalapak.com/p/kesehatan-2359/alat-kesehatan/timbangan-alat-ukur-kesehatan/3si7d5r-jual-fingertrip-pulse-oximeter-alat-pengukur-detak-jantung-kadar-oksigen,62000,50,GangEnam Cell,4.9
"Pulse Oxymeter digital oximeter pengukur oksigen dan detak jantung
          ",https://www.bukalapak.com/p/kesehatan-2359/alat-kesehatan/alat-bantu-kesehatan/dfah31-jual-pulse-oxymeter-digital-oximeter-pengukur-oksigen-dan-detak-jantung,55000,339,galihtoserba,4.9
"Pengukur Kadar Oksigen Oxymeter Fingertip LED Monitor Fingertip Pulse Oximeter
          ",https://www.bukalapak.com/p/kesehatan-2359/alat-kesehatan/timbangan-alat-ukur-kesehatan/484ywa9-jual-pengukur-kadar-oksigen-oxymeter-fingertip-led-monitor-fingertip-pulse-oximeter,19777,162,Electronic Gallery,4.8
"Fingertip Pulse Oximeter Alat Pengukur Oksigen dan Detak Jantung
          ",https://www.bukalapak.com/p/kesehatan-2359/alat-kesehatan/timbangan-alat-ukur-kesehatan/4b0zytm-jual-fingertip-pulse-oximeter-alat-pengukur-oksigen-dan-detak-jantung,75000,30,Barang Ok,4.9
"Oximeter Oksimeter Fingertip Pulse Ujung Jari Ukur Detak Jantung LK88
          ",https://www.bukalapak.com/p/kesehatan-2359/alat-kesehatan/timbangan-alat-ukur-kesehatan/4enaaxd-jual-oximeter-oksimeter-fingertip-pulse-ujung-jari-ukur-detak-jantung-lk88,49900,40,SUPER_BESTSELLER,5
"ChoiceMMed Pulse Oximeter MD300C15D
          ",https://www.bukalapak.com/p/kesehatan-2359/alat-kesehatan/alat-bantu-kesehatan/j3toye-jual-choicemmed-pulse-oximeter-md300c15d,467200,2,MediStar,5
"YOBEKAN YBK303 Fingertip Pulse Oximeter Oksimeter Oximetry SpO2 Cek Kadar Oksigen
          ",https://www.bukalapak.com/p/kesehatan-2359/alat-kesehatan/timbangan-alat-ukur-kesehatan/4g51ptj-jual-yobekan-ybk303-fingertip-pulse-oximeter-oksimeter-oximetry-spo2-cek-kadar-oksigen,85000,39,hwthinker,5
"OXIMETER BEURER PO30 FULSE ALAT PENGUKUR OKSIGEN
          ",https://www.bukalapak.com/p/kesehatan-2359/alat-kesehatan/alat-bantu-kesehatan/4fy8mug-jual-oximeter-beurer-po30-fulse-alat-pengukur-oksigen,850000,0,SUMBER ELEKTRONIK,0
"OXYMETER
          ",https://www.bukalapak.com/p/kesehatan-2359/alat-kesehatan/alat-bantu-kesehatan/49bkza2-jual-oxymeter,40000,15,JLE39 Store,5
"Oxymeter Oximeter Fingertip Pulse Alat Ukur Oksigen Dalam Darah
          ",https://www.bukalapak.com/p/kesehatan-2359/alat-kesehatan/alat-bantu-kesehatan/3pf18me-jual-oxymeter-oximeter-fingertip-pulse-alat-ukur-oksigen-dalam-darah,125000,121,HIDUP SEHAT,5
"Fingertip Pulse Oximeter SpO2 Alat Ukur Kadar Oksigen Darah
          ",https://www.bukalapak.com/p/kesehatan-2359/alat-kesehatan/alat-bantu-kesehatan/3zzikwg-jual-fingertip-pulse-oximeter-spo2-alat-ukur-kadar-oksigen-darah,46189,816,Nofar,4.8
"LK87 Oxymeter Fingertip Pulse Alat Ukur Saturasi Oksigen Oximeter
          ",https://www.bukalapak.com/p/kesehatan-2359/alat-kesehatan/timbangan-alat-ukur-kesehatan/4g4wd9p-jual-lk87-oxymeter-fingertip-pulse-alat-ukur-saturasi-oksigen-oximeter,36000,31,RK SHOP,4.9
"oximeter pulse fingertip-oxymeter
          ",https://www.bukalapak.com/p/kesehatan-2359/alat-kesehatan/timbangan-alat-ukur-kesehatan/3medmmm-jual-oximeter-pulse-fingertip-oxymeter,125000,129,DUNIA FARMA 889,5
"pulse oximeter alat cek nadi detak jantung atau kadar oksigen darah
          ",https://www.bukalapak.com/p/kesehatan-2359/alat-kesehatan/alat-bantu-kesehatan/cyub8o-jual-pulse-oximeter-alat-cek-nadi-detak-jantung-atau-kadar-oksigen-darah,99000,285, Barang Ok,4.9
"paket 2 in 1 thermometer Oximeter termometer oxymeter Oksimeter Termometer
          ",https://www.bukalapak.com/p/kesehatan-2359/alat-kesehatan/timbangan-alat-ukur-kesehatan/48q8joh-jual-paket-2-in-1-thermometer-oximeter-termometer-oxymeter-oksimeter-termometer,225000,68,PUTRA JAYA88,5
"PULSE OXYMETER Finger Digital alat Pengukur Oksigen Darah
          ",https://www.bukalapak.com/p/kesehatan-2359/alat-kesehatan/timbangan-alat-ukur-kesehatan/3u3jqcs-jual-pulse-oxymeter-finger-digital-alat-pengukur-oksigen-darah,42000,136,stefani shop,4.8
"Fingertip Pulse Oxymeter Fingertip Oximeter SpO2 LED Full Color LK87
          ",https://www.bukalapak.com/p/kesehatan-2359/alat-kesehatan/timbangan-alat-ukur-kesehatan/4g1mfb1-jual-fingertip-pulse-oxymeter-fingertip-oximeter-spo2-led-full-color-lk87,39000,34,Berkah Obat Dan Kosmetik,4.9
"KUKE Fingertip Pulse Oximeter - Alat Ukur Detak Jantung - Oximeter
          ",https://www.bukalapak.com/p/kesehatan-2359/alat-kesehatan/alat-bantu-kesehatan/3r1470p-jual-kuke-fingertip-pulse-oximeter-alat-ukur-detak-jantung-oximeter,25000,275,KUKE,4.9
"Oximeter  Oxymeter Pengukur Kadar Oxigen dalam darah Fingertip Puls
          ",https://www.bukalapak.com/p/kesehatan-2359/alat-kesehatan/timbangan-alat-ukur-kesehatan/4g1yv5g-jual-oximeter-oxymeter-pengukur-kadar-oxigen-dalam-darah-fingertip-puls,22500,32,Gadget Definition,4.9
"Fingertip Pulse Oximeter LK87 Ukur Kadar Oksigen Detak Jantung
          ",https://www.bukalapak.com/p/kesehatan-2359/alat-kesehatan/timbangan-alat-ukur-kesehatan/4g4djdm-jual-fingertip-pulse-oximeter-lk87-ukur-kadar-oksigen-detak-jantung,14100,48,SIAUN SURABAYA,4.9
"Beurer PO 30 Alat Ukur Kadar Oksigen - Pulse Oximeter
          ",https://www.bukalapak.com/p/kesehatan-2359/alat-kesehatan/timbangan-alat-ukur-kesehatan/4gnovog-jual-beurer-po-30-alat-ukur-kadar-oksigen-pulse-oximeter,800000,0,Gudang Sehat Store,0
"Oximeter Oxymeter Fingertrip Pulse Alat Pengukur Saturasi Oksigen dan Detak Jantung Original
          ",https://www.bukalapak.com/p/kesehatan-2359/alat-kesehatan/alat-bantu-kesehatan/4gb7lza-jual-oximeter-oxymeter-fingertrip-pulse-alat-pengukur-saturasi-oksigen-dan-detak-jantung-original,125000,0,RAS Official Store,0
"Yobekan Oximeter fingertip pulse alat detak jantung dan oksigen
          ",https://www.bukalapak.com/p/kesehatan-2359/alat-kesehatan/timbangan-alat-ukur-kesehatan/3vd3vn2-jual-yobekan-oximeter-fingertip-pulse-alat-detak-jantung-dan-oksigen,135000,2,Anugerah Sehat,5
"Pulse Oximeter Fingertip Alat Ukur Kadar Oksigen Dan Detak Jantung
          ",https://www.bukalapak.com/p/kesehatan-2359/alat-kesehatan/alat-bantu-kesehatan/3sxjy5o-jual-pulse-oximeter-fingertip-alat-ukur-kadar-oksigen-dan-detak-jantung,100000,2,FutureShopp,5
"Pulse Oximeter Alat Pengukur Rate Saturasi Oksigen Detak Jantung Fingertip Akurat Anti-Shaking
          ",https://www.bukalapak.com/p/kesehatan-2359/alat-kesehatan/alat-bantu-kesehatan/4gjbold-jual-pulse-oximeter-alat-pengukur-rate-saturasi-oksigen-detak-jantung-fingertip-akurat-anti-shaking,199000,0,DoraHomi,0
"LK88 Oximeter Fingertip Pulse Oxymeter LK88 SpO2 FULL COLOR
          ",https://www.bukalapak.com/p/kesehatan-2359/alat-kesehatan/timbangan-alat-ukur-kesehatan/4g5sd4p-jual-lk88-oximeter-fingertip-pulse-oxymeter-lk88-spo2-full-color,42550,36,SIAUN SURABAYA,4.7
"PULSE Oximeter fingertip oxymeter Alat Ukur Cek Tes Saturasi Kadar Oksigen SpO2 Pengukur Nadi Detak Jantung Darah Blood Oxygen LK87 LK 87 SMH01 SMH-01
          ",https://www.bukalapak.com/p/kesehatan-2359/alat-kesehatan/timbangan-alat-ukur-kesehatan/4g5o1yj-jual-pulse-oximeter-fingertip-oxymeter-alat-ukur-cek-tes-saturasi-kadar-oksigen-spo2-pengukur-nadi-detak-jantung-darah-blood-oxygen-lk87-lk-87-smh01-smh-01,75000,36,Importir Kudus,4.8
"Oximeter LK88 Fingertip Pulse Oxymeter Lk-88 Alat Ukur Kadar Oksigen Detak Jantung Oksimeter spO2
          ",https://www.bukalapak.com/p/kesehatan-2359/alat-kesehatan/timbangan-alat-ukur-kesehatan/49b2lyk-jual-oximeter-lk88-fingertip-pulse-oxymeter-lk-88-alat-ukur-kadar-oksigen-detak-jantung-oksimeter-spo2,62000,158,GangEnam Cell,4.8
"Fingertip pulse oximeter.. OXYMETER Fingertip akurat
          ",https://www.bukalapak.com/p/kesehatan-2359/alat-kesehatan/timbangan-alat-ukur-kesehatan/3r02a87-jual-fingertip-pulse-oximeter-oxymeter-fingertip-akurat,178750,252,MH_18,5
"Oksimeter Fingertip Pulse Oxymeter Oximeter SpO2 LCD Full Color Oled A-02 - A2-L88
          ",https://www.bukalapak.com/p/kesehatan-2359/alat-kesehatan/timbangan-alat-ukur-kesehatan/4g1jwa7-jual-oksimeter-fingertip-pulse-oxymeter-oximeter-spo2-lcd-full-color-oled-a-02-a2-l88,135000,20,RS ACC COM,4.6
"Pengukur Detak Jantung - Nadi - Kadar Oksigen - Pulse Oxymeter SpO2 Finger - Alat Kesehatan
          ",https://www.bukalapak.com/p/kesehatan-2359/alat-kesehatan/timbangan-alat-ukur-kesehatan/2m44kje-jual-pengukur-detak-jantung-nadi-kadar-oksigen-pulse-oxymeter-spo2-finger-alat-kesehatan,89000,33,Acc Perhiasan,4.8
"Oximeter fingertip..pulse OXYMETER
          ",https://www.bukalapak.com/p/kesehatan-2359/alat-kesehatan/timbangan-alat-ukur-kesehatan/3qgnokp-jual-oximeter-fingertip-pulse-oxymeter,220000,54,MH_18,4.8
"Oksimeter Fingertip Pulse Oxymeter Oximeter SpO2 LCD Full Color Oled A-02 - A2-L88
          ",https://www.bukalapak.com/p/kesehatan-2359/alat-kesehatan/timbangan-alat-ukur-kesehatan/4g1jwa7-jual-oksimeter-fingertip-pulse-oxymeter-oximeter-spo2-lcd-full-color-oled-a-02-a2-l88,135000,20,RS ACC COM,4.6
"Smartwatch Gelang Kesehatan Jam Tangan Pintar Oximeter Blood Pressure Bluetooth
          ",https://www.bukalapak.com/p/kesehatan-2359/alat-kesehatan/timbangan-alat-ukur-kesehatan/45kpdbn-jual-smartwatch-gelang-kesehatan-jam-tangan-pintar-oximeter-blood-pressure-bluetooth,125000,20,MEDIKA JAYA 88,4.9
"Fingertrip Pulse Oximeter oximetry...alat pengukur detak jantung serta kadar oksigen..fingertip akurat
          ",https://www.bukalapak.com/p/kesehatan-2359/alat-kesehatan/timbangan-alat-ukur-kesehatan/3q0m17i-jual-fingertrip-pulse-oximeter-oximetry-alat-pengukur-detak-jantung-serta-kadar-oksigen-fingertip-akurat,130000,14,cahaya mutiara6,4.7
"Smartwatch Gelang Kesehatan Jam Tangan Pintar Oximeter Blood Pressure Bluetooth
          ",https://www.bukalapak.com/p/kesehatan-2359/alat-kesehatan/timbangan-alat-ukur-kesehatan/45kpdbn-jual-smartwatch-gelang-kesehatan-jam-tangan-pintar-oximeter-blood-pressure-bluetooth,125000,20,MEDIKA JAYA 88,4.9
"oximeter pulse fingertip-oxymeter
          ",https://www.bukalapak.com/p/kesehatan-2359/alat-kesehatan/timbangan-alat-ukur-kesehatan/3medmmm-jual-oximeter-pulse-fingertip-oxymeter,125000,129,DUNIA FARMA 889,5
"oximeter pulse sp02-okimeter alat ukur oksigen dalam darah dan pengukur detak jantung
          ",https://www.bukalapak.com/p/kesehatan-2359/alat-kesehatan/timbangan-alat-ukur-kesehatan/4g20suj-jual-oximeter-pulse-sp02-okimeter-alat-ukur-oksigen-dalam-darah-dan-pengukur-detak-jantung,39900,4,jazzie pro,5
"Alat Ukur Kadar Oksigen Darah dan Detak Jantung Original Fingertip Pulse Oxymeter LK87
          ",https://www.bukalapak.com/p/kesehatan-2359/alat-kesehatan/timbangan-alat-ukur-kesehatan/4g71bo4-jual-alat-ukur-kadar-oksigen-darah-dan-detak-jantung-original-fingertip-pulse-oxymeter-lk87,49000,0,Toko COD Bandung,0
"Pulse Oximeter Fingertip X1906 Oxymeter Ukur Oksigen SpO2 Heart Rate
          ",https://www.bukalapak.com/p/kesehatan-2359/alat-kesehatan/timbangan-alat-ukur-kesehatan/4gf6j7m-jual-pulse-oximeter-fingertip-x1906-oxymeter-ukur-oksigen-spo2-heart-rate,85000,0,Cavalese,0
"Oxymeter Fingertip LED 4 Warna FREE MASKER Include batere ORI Bergaransi
          ",https://www.bukalapak.com/p/kesehatan-2359/alat-kesehatan/timbangan-alat-ukur-kesehatan/4gmeabv-jual-oxymeter-fingertip-led-4-warna-free-masker-include-batere-ori-bergaransi,55000,0,Merdeka CARE,0
"Fingertip Pulse Oximeter Oxymeter ukur Kadar Oksigen Darah LED 4 Warna
          ",https://www.bukalapak.com/p/kesehatan-2359/alat-kesehatan/timbangan-alat-ukur-kesehatan/4g05ijs-jual-fingertip-pulse-oximeter-oxymeter-ukur-kadar-oksigen-darah-led-4-warna,94000,11,Karunia Toner SMG,5
"Fingertip Pulse Oximeter Oxymeter SpO2 alat ukur Kadar Oksigen darah Plus Baterai AAA
          ",https://www.bukalapak.com/p/kesehatan-2359/alat-kesehatan/timbangan-alat-ukur-kesehatan/4fwffzj-jual-fingertip-pulse-oximeter-oxymeter-spo2-alat-ukur-kadar-oksigen-darah-plus-baterai-aaa,94000,12,Karunia Toner SMG,4.9
"pulse oximeter fingertip lk89 Termurah Grosir Oxymeter pulse SpO2
          ",https://www.bukalapak.com/p/kesehatan-2359/alat-kesehatan/alat-bantu-kesehatan/4g4ftos-jual-pulse-oximeter-fingertip-lk89-termurah-grosir-oxymeter-pulse-spo2,105000,1,CHRISLWSHOP,5
"pulse oximeter fingerti alat pengukur kadar oksigen detak jantung
          ",https://www.bukalapak.com/p/kesehatan-2359/alat-kesehatan/timbangan-alat-ukur-kesehatan/4g4ap81-jual-pulse-oximeter-fingerti-alat-pengukur-kadar-oksigen-detak-jantung,50000,0,CHARISA STORE,0
"Paket Termometer Oximeter thermometer Omron Oxymeter fingertip Pulse ujung jari
          ",https://www.bukalapak.com/p/kesehatan-2359/alat-kesehatan/timbangan-alat-ukur-kesehatan/4ayzx9d-jual-paket-termometer-oximeter-thermometer-omron-oxymeter-fingertip-pulse-ujung-jari,170000,20,PUTRA JAYA88,5
"Dr Care Finger Tip Pulse Oximeter FS10K atau SpO2 Saturasi Oksigen
          ",https://www.bukalapak.com/p/kesehatan-2359/alat-kesehatan/alat-bantu-kesehatan/3rc68md-jual-dr-care-finger-tip-pulse-oximeter-fs10k-atau-spo2-saturasi-oksigen,240000,53,Sam Medical Official,4.6
"Oximeter Pulse Fingertip SpO2 Heart Rate Oxymeter Oksimeter
          ",https://www.bukalapak.com/p/kesehatan-2359/alat-kesehatan/timbangan-alat-ukur-kesehatan/3qg76ea-jual-oximeter-pulse-fingertip-spo2-heart-rate-oxymeter-oksimeter,179900,98,LaQoboyshop,5
"Paket Oximeter termometer Oxymeter Term 2 in 1 ometer
          ",https://www.bukalapak.com/p/kesehatan-2359/alat-kesehatan/alat-bantu-kesehatan/4g50jmp-jual-paket-oximeter-termometer-oxymeter-term-2-in-1-ometer,300000,1,Happy Shop 999,5
"Paket 2 in 1 Termometer Oximeter thermometer gun oxymeter ukur detak jantung
          ",https://www.bukalapak.com/p/kesehatan-2359/alat-kesehatan/timbangan-alat-ukur-kesehatan/48q8v9a-jual-paket-2-in-1-termometer-oximeter-thermometer-gun-oxymeter-ukur-detak-jantung,225000,48,PUTRA JAYA88,5
"Fingertip Pulse Oximeter Oxymeter LK88 Alat Ukur Saturasi Oksigen Darah
          ",https://www.bukalapak.com/p/kesehatan-2359/alat-kesehatan/timbangan-alat-ukur-kesehatan/4g8hiym-jual-fingertip-pulse-oximeter-oxymeter-lk88-alat-ukur-saturasi-oksigen-darah,63000,3,bowindustries,5
"Fingertip Pulse Oximeter Portable - Oxymeter SpO2 Digital Alat Pengukur Kadar Darah Oksimeter Denyut Nadi Ujung Jari
          ",https://www.bukalapak.com/p/kesehatan-2359/alat-kesehatan/alat-bantu-kesehatan/47knukh-jual-fingertip-pulse-oximeter-portable-oxymeter-spo2-digital-alat-pengukur-kadar-darah-oksimeter-denyut-nadi-ujung-jari,114900,76,Alharits Tronic,4.9
"Oxymeter Fingertip Pulse Oximeter Alat Ukur Oksigen SpO2 Detak Jantung
          ",https://www.bukalapak.com/p/kesehatan-2359/alat-kesehatan/timbangan-alat-ukur-kesehatan/3xls36z-jual-oxymeter-fingertip-pulse-oximeter-alat-ukur-oksigen-spo2-detak-jantung,69000,16,Best Prices,4.7
"Fingertip Pulse Oximeter  Alat Ukur Detak Jantung Oximeter LK87
          ",https://www.bukalapak.com/p/kesehatan-2359/alat-kesehatan/timbangan-alat-ukur-kesehatan/4g3uai1-jual-fingertip-pulse-oximeter-alat-ukur-detak-jantung-oximeter-lk87,24000,16,Metro Store,4.9
"Oximeter Oxymeter pulse FINGERTIP alat UKUR Oksigen darah detak jantung set alat kesehatan tubuh badan sehat kadar O2
          ",https://www.bukalapak.com/p/kesehatan-2359/alat-kesehatan/timbangan-alat-ukur-kesehatan/3vnf3cy-jual-oximeter-oxymeter-pulse-fingertip-alat-ukur-oksigen-darah-detak-jantung-set-alat-kesehatan-tubuh-badan-sehat-kadar-o2,35900,54,paffie,4.9
"Fingertip Oximeter Alat Pengukur Kadar Oksigen dan Detak Jantung
          ",https://www.bukalapak.com/p/kesehatan-2359/alat-kesehatan/timbangan-alat-ukur-kesehatan/3stbxjx-jual-fingertip-oximeter-alat-pengukur-kadar-oksigen-dan-detak-jantung,80000,0,Jakarta Technology,0
"FINGERTIP PULSE OXIMETER alat ukur kadar oksigen dan detak jantung
          ",https://www.bukalapak.com/p/kesehatan-2359/alat-kesehatan/alat-bantu-kesehatan/3poqmje-jual-fingertip-pulse-oximeter-alat-ukur-kadar-oksigen-dan-detak-jantung,125000,59,DUTA MEDIKA,4.9
"Oximeter Alat Pengukur Detak Jantung Pemeriksaan Kadar Oksigen dan Detak Jantung
          ",https://www.bukalapak.com/p/kesehatan-2359/alat-kesehatan/timbangan-alat-ukur-kesehatan/3ptkyl6-jual-oximeter-alat-pengukur-detak-jantung-pemeriksaan-kadar-oksigen-dan-detak-jantung,275000,0,GLoBaL Shop,0
"Beurer PO30 Pulse Oxymeter Saturasi Oksigen SPO2 GARANSI
          ",https://www.bukalapak.com/p/kesehatan-2359/alat-kesehatan/timbangan-alat-ukur-kesehatan/e4k3dp-jual-beurer-po30-pulse-oxymeter-saturasi-oksigen-spo2-garansi,835000,8,Sam Medical Official,5
"SO 911 Pulse Oximeter
          ",https://www.bukalapak.com/p/kesehatan-2359/alat-kesehatan/timbangan-alat-ukur-kesehatan/4gbvuba-jual-so-911-pulse-oximeter,170000,0,Tamba Online,0
"OXIMETER ELITECH FOX1 PENGUKUR OKSIGEN DALAM DARAH
          ",https://www.bukalapak.com/p/kesehatan-2359/alat-kesehatan/timbangan-alat-ukur-kesehatan/4g4lpvm-jual-oximeter-elitech-fox1-pengukur-oksigen-dalam-darah,600000,4,SUMBER ELEKTRONIK,5
"Fingertip Pulse Oximeter Sp02 LED Monitor Alat Pengukur Kadar Oksigen Heart Rate Oxymeter
          ",https://www.bukalapak.com/p/kesehatan-2359/alat-kesehatan/timbangan-alat-ukur-kesehatan/3qbw6zo-jual-fingertip-pulse-oximeter-sp02-led-monitor-alat-pengukur-kadar-oksigen-heart-rate-oxymeter,19999,609,Keep Moving ,4.8
"OXIMETER FINGERTIP PULSE A2-L87 Alat Pengukur Kadar Oksigen Detak Jantung Oxymeter Saturasi SPO2 LED
          ",https://www.bukalapak.com/p/kesehatan-2359/alat-kesehatan/timbangan-alat-ukur-kesehatan/4g2ciuv-jual-oximeter-fingertip-pulse-a2-l87-alat-pengukur-kadar-oksigen-detak-jantung-oxymeter-saturasi-spo2-led,74900,3,GangEnam Cell,5
"familyDr oximeter
          ",https://www.bukalapak.com/p/kesehatan-2359/alat-kesehatan/timbangan-alat-ukur-kesehatan/3nq6vao-jual-familydr-oximeter,320000,97,familyCare,5
"Fingertip Pulse Alat Ukur Kadar Oksigen Oxymeter Oksimeter LK87
          ",https://www.bukalapak.com/p/kesehatan-2359/alat-kesehatan/timbangan-alat-ukur-kesehatan/4g7j25v-jual-fingertip-pulse-alat-ukur-kadar-oksigen-oxymeter-oksimeter-lk87,45000,5,hagakomputer,5
"paket laris manis 2in1 sesuai foto.. Termometer Oximeter.. Thermometer oksimeter oxymetri
          ",https://www.bukalapak.com/p/kesehatan-2359/alat-kesehatan/timbangan-alat-ukur-kesehatan/4a3fv2g-jual-paket-laris-manis-2in1-sesuai-foto-termometer-oximeter-thermometer-oksimeter-oxymetri,264000,54,MH_18,5
"Pulse Oximeter Fingertip Sp02 Alat Pengukur Kadar Oksigen Dalam Darah
          ",https://www.bukalapak.com/p/kesehatan-2359/alat-kesehatan/timbangan-alat-ukur-kesehatan/c53db3-jual-pulse-oximeter-fingertip-sp02-alat-pengukur-kadar-oksigen-dalam-darah,55000,68,Fahri cell,5
"YOBEKAN PULSE Oximeter fingertip oxymeter Alat Ukur Cek Tes Saturasi Oksigen SpO2 Pengukur Nadi Detak Jantung Darah Blood Oxygen YBK303 YBK 303
          ",https://www.bukalapak.com/p/kesehatan-2359/alat-kesehatan/timbangan-alat-ukur-kesehatan/4g4lpa1-jual-yobekan-pulse-oximeter-fingertip-oxymeter-alat-ukur-cek-tes-saturasi-oksigen-spo2-pengukur-nadi-detak-jantung-darah-blood-oxygen-ybk303-ybk-303,95000,47,Importir Kudus,4.9
"FINGERTIP PULSE OXIMETER OXYMETER - ALAT PENGUKUR KADAR OKSIGEN DETAK JANTUNG
          ",https://www.bukalapak.com/p/kesehatan-2359/alat-kesehatan/timbangan-alat-ukur-kesehatan/4fz9dhm-jual-fingertip-pulse-oximeter-oxymeter-alat-pengukur-kadar-oksigen-detak-jantung,99000,427,YS shopping,5
"OXIMETER PULSE
          ",https://www.bukalapak.com/p/kesehatan-2359/alat-kesehatan/timbangan-alat-ukur-kesehatan/3q08ih5-jual-oximeter-pulse,45000,220,JLE39 Store,5
"Oxymeter General Care - Finger Oxymeter GC Original
          ",https://www.bukalapak.com/p/kesehatan-2359/alat-kesehatan/timbangan-alat-ukur-kesehatan/42wv3pe-jual-oxymeter-general-care-finger-oxymeter-gc-original,385000,0,First Medica,0
"Fingertip Pulse Oxymeter Yuwell YX 102
          ",https://www.bukalapak.com/p/kesehatan-2359/alat-kesehatan/timbangan-alat-ukur-kesehatan/4c7oy4p-jual-fingertip-pulse-oxymeter-yuwell-yx-102,335000,0,First Medica,0
"Pulse oximeter so811 fingertip pulse oximeter alat ukur detak jantung dan oksigen
          ",https://www.bukalapak.com/p/kesehatan-2359/alat-kesehatan/timbangan-alat-ukur-kesehatan/4g3kwld-jual-pulse-oximeter-so811-fingertip-pulse-oximeter-alat-ukur-detak-jantung-dan-oksigen,125000,2,win jaya star,5
"Alat Pulse Oximeter
          ",https://www.bukalapak.com/p/kesehatan-2359/alat-kesehatan/alat-bantu-kesehatan/4gfuoqd-jual-alat-pulse-oximeter,175000,0,sehatinmart,0
"Pulse oxymeter Fingertip LK88 layar led TFT sensor cepat sangat akurat
          ",https://www.bukalapak.com/p/kesehatan-2359/alat-kesehatan/timbangan-alat-ukur-kesehatan/4g475ns-jual-pulse-oxymeter-fingertip-lk88-layar-led-tft-sensor-cepat-sangat-akurat,49000,0,FIRST COMMUNICATION,0
"Fingertip Pulse Oximeter LV-80 / Oximetro Saturometer Oximetry SpO2
          ",https://www.bukalapak.com/p/kesehatan-2359/alat-kesehatan/alat-bantu-kesehatan/3f9szb-jual-fingertip-pulse-oximeter-lv-80-oximetro-saturometer-oximetry-spo2,91000,1155,LIVOTECH,4.8
"LK 88 Oxymeter Fingertip Pulse Digital Oximeter LK88 spO2 LCD Full Color
          ",https://www.bukalapak.com/p/kesehatan-2359/alat-kesehatan/timbangan-alat-ukur-kesehatan/4g6b3qv-jual-lk-88-oxymeter-fingertip-pulse-digital-oximeter-lk88-spo2-lcd-full-color,46000,2,RK SHOP,4.5
"Oxymeter pulse fingertip SPO2 LCD full colour original
          ",https://www.bukalapak.com/p/kesehatan-2359/alat-kesehatan/timbangan-alat-ukur-kesehatan/4g42mks-jual-oxymeter-pulse-fingertip-spo2-lcd-full-colour-original,56050,53,SmartClick,4.9
"pulse oximeter yuwell yx102 fingertip oxymeter alat cek kadar oksigen
          ",https://www.bukalapak.com/p/kesehatan-2359/alat-kesehatan/timbangan-alat-ukur-kesehatan/48uhhy1-jual-pulse-oximeter-yuwell-yx102-fingertip-oxymeter-alat-cek-kadar-oksigen,315000,8,SEHAT BUGAR 1983,5
"Fingertip Pulse Oxymeter Fingertip Oximeter SpO2 LED Full Colour LK87
          ",https://www.bukalapak.com/p/kesehatan-2359/alat-kesehatan/alat-bantu-kesehatan/3st5yfr-jual-fingertip-pulse-oxymeter-fingertip-oximeter-spo2-led-full-colour-lk87,69900,379,borneo shopping center,4.8
"Fingertip Oxymeter Oximeter Pulsa Pengukur denyut jantung kadar oksigen Ready Stok
          ",https://www.bukalapak.com/p/kesehatan-2359/alat-kesehatan/timbangan-alat-ukur-kesehatan/4g22dw7-jual-fingertip-oxymeter-oximeter-pulsa-pengukur-denyut-jantung-kadar-oksigen-ready-stok,359500,4450,VITEX ID,5
"Paket 2 in 1 Termometer Oximeter thermometer gun oxymeter ukur detak jantung
          ",https://www.bukalapak.com/p/kesehatan-2359/alat-kesehatan/timbangan-alat-ukur-kesehatan/48q8v9a-jual-paket-2-in-1-termometer-oximeter-thermometer-gun-oxymeter-ukur-detak-jantung,225000,48,PUTRA JAYA88,5
"LK87 Fingertip Pulse Oximeter Oxymeter Alat Ukur Cek Saturasi SpO2 Pengukur Detak Jantung Kadar Oksigen Dalam Darah Blood Oxygen Super Akurat LK 87
          ",https://www.bukalapak.com/p/kesehatan-2359/alat-kesehatan/timbangan-alat-ukur-kesehatan/4fz3ads-jual-lk87-fingertip-pulse-oximeter-oxymeter-alat-ukur-cek-saturasi-spo2-pengukur-detak-jantung-kadar-oksigen-dalam-darah-blood-oxygen-super-akurat-lk-87,85000,66,Importir Kudus,4.7
"Fingertip Pulse Oximeter SpO2 (Oksigen Darah) + Denyut/Detak Jantung LV-80
          ",https://www.bukalapak.com/p/kesehatan-2359/alat-kesehatan/timbangan-alat-ukur-kesehatan/3f9pyv-jual-fingertip-pulse-oximeter-spo2-oksigen-darah-denyut-detak-jantung-lv-80,91000,222,LIVOTECH,4.7
"Oxymeter Oximeter Fingertip Pulse Alat Pengukur Oksigen Darah Akurat - Ready
          ",https://www.bukalapak.com/p/kesehatan-2359/alat-kesehatan/timbangan-alat-ukur-kesehatan/4g3hsem-jual-oxymeter-oximeter-fingertip-pulse-alat-pengukur-oksigen-darah-akurat-ready,258950,602,Grosir Mall,5
"OXIMETER FINGERTRIP PULSE ALAT PENGUKUR OKSIGEN DARAH SPO2 AKURAT
          ",https://www.bukalapak.com/p/kesehatan-2359/alat-kesehatan/timbangan-alat-ukur-kesehatan/3s5qzdl-jual-oximeter-fingertrip-pulse-alat-pengukur-oksigen-darah-spo2-akurat,49900,1,Toko Jaya Makmur,5
"FINGERTIP PULSE OXIMETER LK87
          ",https://www.bukalapak.com/p/kesehatan-2359/alat-kesehatan/alat-bantu-kesehatan/4fxu00j-jual-fingertip-pulse-oximeter-lk87,95000,2,Toko Alkes CMP,5
"Fingertip pulse oximeter alat ukur detak jantung
          ",https://www.bukalapak.com/p/kesehatan-2359/alat-kesehatan/alat-bantu-kesehatan/3v3ai1f-jual-fingertip-pulse-oximeter-alat-ukur-detak-jantung,120000,7,Anugerah Sehat,5
"BEURER Oximeter Digital PO60
          ",https://www.bukalapak.com/p/kesehatan-2359/alat-kesehatan/alat-bantu-kesehatan/1s0yvl6-jual-beurer-oximeter-digital-po60,1452000,0,Sam Medical Official,0
"Pulse Oximeter Alat Pengukur Rate Saturasi Oksigen Detak Jantung Fingertip Akurat Anti-Shaking
          ",https://www.bukalapak.com/p/kesehatan-2359/alat-kesehatan/timbangan-alat-ukur-kesehatan/4gikwqm-jual-pulse-oximeter-alat-pengukur-rate-saturasi-oksigen-detak-jantung-fingertip-akurat-anti-shaking,199100,1,Telixmart Official Store,5
"OXIMETER LK87 ORIGINAL 4 warna Fingertip Pulse Oximeter Ukur Kadar Oksigen dan detak jantung
          ",https://www.bukalapak.com/p/kesehatan-2359/alat-kesehatan/timbangan-alat-ukur-kesehatan/4ge9ndp-jual-oximeter-lk87-original-4-warna-fingertip-pulse-oximeter-ukur-kadar-oksigen-dan-detak-jantung,45500,0,Star Point Acc,0
"Pulse oximeter alat ukur detak jantung dan oksigen so911
          ",https://www.bukalapak.com/p/kesehatan-2359/alat-kesehatan/timbangan-alat-ukur-kesehatan/4g3kves-jual-pulse-oximeter-alat-ukur-detak-jantung-dan-oksigen-so911,145000,5,win jaya star,5
"oxymeter LK87 4 warna LED
          ",https://www.bukalapak.com/p/kesehatan-2359/alat-kesehatan/timbangan-alat-ukur-kesehatan/4gfvjam-jual-oxymeter-lk87-4-warna-led,39900,0,JLP  grosir  shop,0
"Alat Ukur Kadar Oksigen Dalam Tubuh Pulse Oximeter Fingertip Sammora
          ",https://www.bukalapak.com/p/kesehatan-2359/alat-kesehatan/timbangan-alat-ukur-kesehatan/3qfmpy2-jual-alat-ukur-kadar-oksigen-dalam-tubuh-pulse-oximeter-fingertip-sammora,245000,2,vjm grosir murah,5
"Jumper Pulse Oximeter
          ",https://www.bukalapak.com/p/kesehatan-2359/alat-kesehatan/timbangan-alat-ukur-kesehatan/4gecebm-jual-jumper-pulse-oximeter,490000,0,warren siu,0
"YOBEKAN PULSE Oximeter fingertip oxymeter Alat Ukur Cek Tes Saturasi Oksigen SpO2 Pengukur Nadi Detak Jantung Darah Blood Oxygen YBK303 YBK 303
          ",https://www.bukalapak.com/p/kesehatan-2359/alat-kesehatan/timbangan-alat-ukur-kesehatan/4g4lpa1-jual-yobekan-pulse-oximeter-fingertip-oxymeter-alat-ukur-cek-tes-saturasi-oksigen-spo2-pengukur-nadi-detak-jantung-darah-blood-oxygen-ybk303-ybk-303,95000,47,Importir Kudus,4.9
"FINGERTIP PULSE OXIMETER OXYMETER - ALAT PENGUKUR KADAR OKSIGEN DETAK JANTUNG
          ",https://www.bukalapak.com/p/kesehatan-2359/alat-kesehatan/timbangan-alat-ukur-kesehatan/4fz9dhm-jual-fingertip-pulse-oximeter-oxymeter-alat-pengukur-kadar-oksigen-detak-jantung,99000,427,YS shopping,5
"Oximeter Sp02 LED Monitor Oxymeter Alat Pengukur Kadar Oksigen Heart Rate Oxymeter Fingertip Pulse
          ",https://www.bukalapak.com/p/kesehatan-2359/alat-kesehatan/timbangan-alat-ukur-kesehatan/488oy58-jual-oximeter-sp02-led-monitor-oxymeter-alat-pengukur-kadar-oksigen-heart-rate-oxymeter-fingertip-pulse,19555,168,Galaxy_Star,4.9
"Pulse Oximeter Fingertip - Oxymeter
          ",https://www.bukalapak.com/p/kesehatan-2359/alat-kesehatan/timbangan-alat-ukur-kesehatan/48oipwp-jual-pulse-oximeter-fingertip-oxymeter,85000,8,Anugerah Sehat,5
"Oximeter fingertip spo2 LK89 SO811 ini Akurat oxymeter oksigen
          ",https://www.bukalapak.com/p/kesehatan-2359/alat-kesehatan/timbangan-alat-ukur-kesehatan/4g7sjf4-jual-oximeter-fingertip-spo2-lk89-so811-ini-akurat-oxymeter-oksigen,78000,1,dandzu dan,5
"Oximeter Fingertip Pulse - Alat Ukur Saturasi Oksigen
          ",https://www.bukalapak.com/p/kesehatan-2359/alat-kesehatan/timbangan-alat-ukur-kesehatan/4587nd1-jual-oximeter-fingertip-pulse-alat-ukur-saturasi-oksigen,69000,17,AiraShop,4.9
"oximeter finger pulse . pengukur detak jantung dan oksigen dalam darah . oxi meter . oxymeter . alat tes kesehatan saturasi oksigen tensi B
          ",https://www.bukalapak.com/p/kesehatan-2359/alat-kesehatan/alat-bantu-kesehatan/4g4pexj-jual-oximeter-finger-pulse-pengukur-detak-jantung-dan-oksigen-dalam-darah-oxi-meter-oxymeter-alat-tes-kesehatan-saturasi-oksigen-tensi-b,75000,43,Cyber Motor Sports,4.6
"Fingertip pulse oxymeter Fingertip oximeter SpO2 LCD Full Colour
          ",https://www.bukalapak.com/p/kesehatan-2359/alat-kesehatan/timbangan-alat-ukur-kesehatan/4g4jngs-jual-fingertip-pulse-oxymeter-fingertip-oximeter-spo2-lcd-full-colour,40000,11,Repeater Sinyal,5
"OXYMETER ALAT UKUR SATURASI OKSIGEN DARAH DAN DENYUT JANTUNG PULSE OXIMETER DIGITAL OKSIMETER
          ",https://www.bukalapak.com/p/kesehatan-2359/alat-kesehatan/timbangan-alat-ukur-kesehatan/3q5ul8j-jual-oxymeter-alat-ukur-saturasi-oksigen-darah-dan-denyut-jantung-pulse-oximeter-digital-oksimeter,147500,189,AKASA STORE,4.9
"FINGER PULSE OXIMETER Alat Saturasi pengukur denyut nadi jantung jari alat ukur kadar oxigen oksigen oxymeter ukur
          ",https://www.bukalapak.com/p/kesehatan-2359/alat-kesehatan/timbangan-alat-ukur-kesehatan/4enxhtv-jual-finger-pulse-oximeter-alat-saturasi-pengukur-denyut-nadi-jantung-jari-alat-ukur-kadar-oxigen-oksigen-oxymeter-ukur,18498,37,kastil drakula,4.8
"OXIMETER FINGERTIP PULSE LK88 READY STOCK
          ",https://www.bukalapak.com/p/kesehatan-2359/alat-kesehatan/timbangan-alat-ukur-kesehatan/4g7hyav-jual-oximeter-fingertip-pulse-lk88-ready-stock,40500,0,KhiraNET,0
"Pulse oxymeter LK87 fingertip SPO2 PRbpm Monitor led SANGAT AKURAT
          ",https://www.bukalapak.com/p/kesehatan-2359/alat-kesehatan/timbangan-alat-ukur-kesehatan/4g474hv-jual-pulse-oxymeter-lk87-fingertip-spo2-prbpm-monitor-led-sangat-akurat,20000,0,FIRST COMMUNICATION,0
"Oximeter Fingertip pulse Saturation Monitor
          ",https://www.bukalapak.com/p/kesehatan-2359/alat-kesehatan/timbangan-alat-ukur-kesehatan/4g55nom-jual-oximeter-fingertip-pulse-saturation-monitor,99000,0,KENNSON STORE,0
"Fingertip Pulse Oximeter Model IMDK C101A3 and C101A2 Original Standar Hospitals
          ",https://www.bukalapak.com/p/kesehatan-2359/alat-kesehatan/alat-bantu-kesehatan/4gag9cp-jual-fingertip-pulse-oximeter-model-imdk-c101a3-and-c101a2-original-standar-hospitals,399000,0,Klinik Optik,0
"Oximeter Oxymeter Pulse Fingertip
          ",https://www.bukalapak.com/p/kesehatan-2359/alat-kesehatan/alat-bantu-kesehatan/4gdqvbs-jual-oximeter-oxymeter-pulse-fingertip,49500,0,PadaMulya,0
"Paket Hemat 3in1 Tensimeter Digital  Termometer Oximeter TERMURAH
          ",https://www.bukalapak.com/p/kesehatan-2359/alat-kesehatan/timbangan-alat-ukur-kesehatan/4ggsffs-jual-paket-hemat-3in1-tensimeter-digital-termometer-oximeter-termurah,383000,1,Nurwana Putra,5
"Fingertip pulse oximeter blood oxygen saturation heart rate detection
          ",https://www.bukalapak.com/p/kesehatan-2359/alat-kesehatan/timbangan-alat-ukur-kesehatan/4g1rlrd-jual-fingertip-pulse-oximeter-blood-oxygen-saturation-heart-rate-detection,18500,4,Elangfone,5
"Finger Pulse Oximeter Sp02 General Care Jaminan asli..alat ukur detak jantung & kadar oksigen
          ",https://www.bukalapak.com/p/kesehatan-2359/alat-kesehatan/timbangan-alat-ukur-kesehatan/3sqkk59-jual-finger-pulse-oximeter-sp02-general-care-jaminan-asli-alat-ukur-detak-jantung-kadar-oksigen,450000,33,CLA33,5
"LK87 Oximeter Fingertip Pulse Pengukur Kadar Oksigen Detak Jantung LED
          ",https://www.bukalapak.com/p/kesehatan-2359/alat-kesehatan/timbangan-alat-ukur-kesehatan/3pdrslq-jual-lk87-oximeter-fingertip-pulse-pengukur-kadar-oksigen-detak-jantung-led,21000,150,Palugada,4.8
"OXIMETER FINGERTIP PULSE LK87 AB-88 Alat Ukur Kadar Oksigen Pengukur Detak Jantung Oxymeter LED
          ",https://www.bukalapak.com/p/kesehatan-2359/alat-kesehatan/timbangan-alat-ukur-kesehatan/4g5vswm-jual-oximeter-fingertip-pulse-lk87-ab-88-alat-ukur-kadar-oksigen-pengukur-detak-jantung-oxymeter-led,59000,108,Livideas,5
"LK87 Oxymeter Fingertip Pulse Alat Ukur Saturasi Oksigen Oximeter
          ",https://www.bukalapak.com/p/kesehatan-2359/alat-kesehatan/timbangan-alat-ukur-kesehatan/4g4wd9p-jual-lk87-oxymeter-fingertip-pulse-alat-ukur-saturasi-oksigen-oximeter,36000,31,RK SHOP,4.9
"Pulse Oximeter ChoiceMMed MD300CN310 - Saturisasi Oksigen Oxymeter MD300CN310
          ",https://www.bukalapak.com/p/kesehatan-2359/alat-kesehatan/alat-bantu-kesehatan/44fsq7r-jual-pulse-oximeter-choicemmed-md300cn310-saturisasi-oksigen-oxymeter-md300cn310,349900,10,Aiueo,5
"LK87 ORIGINAL  Fingertip Pulse Oximeter SPO2 Ukur Kadar Oksigen Detak Jantung Oximeter Oxymeter  Pengukur Kadar Oxigen dalam darah Fingertip Pulse
          ",https://www.bukalapak.com/p/kesehatan-2359/alat-kesehatan/timbangan-alat-ukur-kesehatan/4g3j7w4-jual-lk87-original-fingertip-pulse-oximeter-spo2-ukur-kadar-oksigen-detak-jantung-oximeter-oxymeter-pengukur-kadar-oxigen-dalam-darah-fingertip-pulse,75000,68,Happy shop,4.7
"Oximeter fingertip Pulse ujung jari ukur detak jantung akurat original
          ",https://www.bukalapak.com/p/kesehatan-2359/alat-kesehatan/timbangan-alat-ukur-kesehatan/44s6arm-jual-oximeter-fingertip-pulse-ujung-jari-ukur-detak-jantung-akurat-original,95000,361,PUTRA JAYA88,5
"fingertip pulse oximeter oximetry sp02 alat pengukur detak jantung
          ",https://www.bukalapak.com/p/kesehatan-2359/alat-kesehatan/timbangan-alat-ukur-kesehatan/3ox8wpx-jual-fingertip-pulse-oximeter-oximetry-sp02-alat-pengukur-detak-jantung,90000,40,SH STORE889,5
"pulse oximeter fingertip K88-LK 88 alat pengukur kadar oksigen dan detak jantung
          ",https://www.bukalapak.com/p/kesehatan-2359/alat-kesehatan/alat-bantu-kesehatan/4g9uws7-jual-pulse-oximeter-fingertip-k88-lk-88-alat-pengukur-kadar-oksigen-dan-detak-jantung,65000,0,KIOS BUNDA,0
"Oxymeter Beurer PO 30 -  Alat Ukur Kadar Oksigen - Fingertip Oxymeter Beurer PO 30
          ",https://www.bukalapak.com/p/kesehatan-2359/alat-kesehatan/alat-bantu-kesehatan/3ysfxug-jual-oxymeter-beurer-po-30-alat-ukur-kadar-oksigen-fingertip-oxymeter-beurer-po-30,995000,2,First Medica,5
"Fingertip Pulse Oximeter. OxyMeter. Oxi Meter. Spo2 Saturasii. Oksimeter. Oxy Meter FDA
          ",https://www.bukalapak.com/p/kesehatan-2359/alat-kesehatan/alat-bantu-kesehatan/dcjty7-jual-fingertip-pulse-oximeter-oxymeter-oxi-meter-spo2-saturasii-oksimeter-oxy-meter-fda,75000,34,MITRA  ALKES,4.9
"Oximeter fingertip spo2 LK89 SO811 ini Akurat oxymeter oksigen
          ",https://www.bukalapak.com/p/kesehatan-2359/alat-kesehatan/timbangan-alat-ukur-kesehatan/4g7sjf4-jual-oximeter-fingertip-spo2-lk89-so811-ini-akurat-oxymeter-oksigen,78000,1,dandzu dan,5
"Finger Pulse Oximeter General Care F-02T
          ",https://www.bukalapak.com/p/kesehatan-2359/alat-kesehatan/timbangan-alat-ukur-kesehatan/41wjq4u-jual-finger-pulse-oximeter-general-care-f-02t,280000,5,JM Store,5
"TensiMeter Digital Oximeter SpO2 Detak Jantung Pedometer Penghitung Langkah Smart Watch Oxymeter
          ",https://www.bukalapak.com/p/kesehatan-2359/alat-kesehatan/timbangan-alat-ukur-kesehatan/4fzq807-jual-tensimeter-digital-oximeter-spo2-detak-jantung-pedometer-penghitung-langkah-smart-watch-oxymeter,299800,3,Adara Cantik,3.7
"Fingertip pulse oxymeter Fingertip oximeter SpO2 LCD Full Colour LK88
          ",https://www.bukalapak.com/p/kesehatan-2359/alat-kesehatan/timbangan-alat-ukur-kesehatan/4dusifj-jual-fingertip-pulse-oxymeter-fingertip-oximeter-spo2-lcd-full-colour-lk88,53900,12,Berkah Sedekah,4.6
"OXIMETER PULSE
          ",https://www.bukalapak.com/p/kesehatan-2359/alat-kesehatan/timbangan-alat-ukur-kesehatan/3q08ih5-jual-oximeter-pulse,45000,220,JLE39 Store,5
"Pulse Oximeter Fingertip Alat Pengukur Kadar Oksigen Detak Jantung
          ",https://www.bukalapak.com/p/kesehatan-2359/alat-kesehatan/timbangan-alat-ukur-kesehatan/3w5shv5-jual-pulse-oximeter-fingertip-alat-pengukur-kadar-oksigen-detak-jantung,49500,24,Kang Iwan Store,5
"Fingertip Pulse Oximeter  LV-80 SpO2 (Oksigen Darah) + Denyut/Detak Jantung
          ",https://www.bukalapak.com/p/kesehatan-2359/alat-kesehatan/timbangan-alat-ukur-kesehatan/3f9pwr-jual-fingertip-pulse-oximeter-lv-80-spo2-oksigen-darah-denyut-detak-jantung,91000,55,wiki mall,4.8
"Alat Pengukur Detak Jantung Kadar Oksigen Oximeter
          ",https://www.bukalapak.com/p/kesehatan-2359/alat-kesehatan/timbangan-alat-ukur-kesehatan/4g0myty-jual-alat-pengukur-detak-jantung-kadar-oksigen-oximeter,60900,12,NS POHS jkt,5
"Oxymeter Fingertip Pulse Digital Oximeter LK88 spO2 LCD Full Color Alat Ukur kadar Saturasi Oksigen
          ",https://www.bukalapak.com/p/kesehatan-2359/alat-kesehatan/timbangan-alat-ukur-kesehatan/3si9x8c-jual-oxymeter-fingertip-pulse-digital-oximeter-lk88-spo2-lcd-full-color-alat-ukur-kadar-saturasi-oksigen,62000,328,HOMIA,4.8
"oximeter fingertip pluse
          ",https://www.bukalapak.com/p/kesehatan-2359/alat-kesehatan/alat-bantu-kesehatan/fq26r9-jual-oximeter-fingertip-pluse,65000,15,SUPPLIER_INDONESIA02,4.8
"Pulse oximeter
          ",https://www.bukalapak.com/p/kesehatan-2359/alat-kesehatan/timbangan-alat-ukur-kesehatan/46kf0ry-jual-pulse-oximeter,40000,51,JLE39 Store,5
"ORISINIL FINGERTIP PULSE OXIMETER pengukur oxigen
          ",https://www.bukalapak.com/p/kesehatan-2359/alat-kesehatan/alat-bantu-kesehatan/3rlu77q-jual-orisinil-fingertip-pulse-oximeter-pengukur-oxigen,120000,247,METTO,5
"Fingertip pulse oxymeter oximeter SpO2 LCD Full Colour Pengukur Kadar Oxygen Dalam Darah dan Detak Jantung
          ",https://www.bukalapak.com/p/kesehatan-2359/alat-kesehatan/timbangan-alat-ukur-kesehatan/4g2qin1-jual-fingertip-pulse-oxymeter-oximeter-spo2-lcd-full-colour-pengukur-kadar-oxygen-dalam-darah-dan-detak-jantung,90385,49,HP TOKO,5
"OXIMETER SATURASI OKSIGEN READY STOCK
          ",https://www.bukalapak.com/p/kesehatan-2359/alat-kesehatan/timbangan-alat-ukur-kesehatan/4g7hves-jual-oximeter-saturasi-oksigen-ready-stock,20000,0,KhiraNET,0
"familyDr oximeter
          ",https://www.bukalapak.com/p/kesehatan-2359/alat-kesehatan/timbangan-alat-ukur-kesehatan/3nq6vao-jual-familydr-oximeter,320000,97,familyCare,5
"Oximeter FingerTip Pulse Oxymeter Alat Pengukur Kadar Oksigen Lk87
          ",https://www.bukalapak.com/p/kesehatan-2359/alat-kesehatan/timbangan-alat-ukur-kesehatan/4g9tadp-jual-oximeter-fingertip-pulse-oxymeter-alat-pengukur-kadar-oksigen-lk87,35900,1,LampuBagus,5
"Oxymeter pulse fingertip A2 oximeter pulse Alat Ukur Detak Jantung
          ",https://www.bukalapak.com/p/kesehatan-2359/alat-kesehatan/alat-bantu-kesehatan/4ghw29p-jual-oxymeter-pulse-fingertip-a2-oximeter-pulse-alat-ukur-detak-jantung,80000,1,UJASmrg,5
